IP,Puerto,Protocolo,Servicio,Version_Completa,CVE,CVSS_Score,Criticidad
192.168.56.101,21,tcp,ftp,vsftpd 2.3.4,Ninguno,0.0,INFO
192.168.56.101,22,tcp,ssh,OpenSSH 4.7p1 Debian 8ubuntu1,Ninguno,0.0,INFO
192.168.56.101,23,tcp,telnet,Linux telnetd,CVE-2000-1195,7.5,ALTO
192.168.56.101,23,tcp,telnet,Linux telnetd,CVE-2020-8797,6.7,MEDIO
192.168.56.101,23,tcp,telnet,Linux telnetd,CVE-2021-27171,9.8,CRÍTICO
192.168.56.101,23,tcp,telnet,Linux telnetd,CVE-2022-39028,7.5,ALTO
192.168.56.101,25,tcp,smtp,Postfix smtpd,CVE-2004-0925,5.0,MEDIO
192.168.56.101,25,tcp,smtp,Postfix smtpd,CVE-2005-0337,7.5,ALTO
192.168.56.101,25,tcp,smtp,Postfix smtpd,CVE-2023-51764,5.3,MEDIO
192.168.56.101,25,tcp,smtp,Postfix smtpd,CVE-2024-27305,5.3,MEDIO
192.168.56.101,53,tcp,domain,ISC BIND 9.4.2,Ninguno,0.0,INFO
192.168.56.101,80,tcp,http,Apache httpd 2.2.8,Ninguno,0.0,INFO
192.168.56.101,111,tcp,rpcbind,2,CVE-2003-1070,5.0,MEDIO
192.168.56.101,139,tcp,netbios-ssn,Samba smbd 3.X - 4.X,Ninguno,0.0,INFO
192.168.56.101,445,tcp,netbios-ssn,Samba smbd 3.0.20-Debian,Ninguno,0.0,INFO
192.168.56.101,512,tcp,exec,netkit-rsh rexecd,Ninguno,0.0,INFO
192.168.56.101,513,tcp,login,desconocido,Ninguno,0.0,INFO
192.168.56.101,514,tcp,shell,Netkit rshd,Ninguno,0.0,INFO
192.168.56.101,1099,tcp,java-rmi,GNU Classpath grmiregistry,Ninguno,0.0,INFO
192.168.56.101,1524,tcp,bindshell,Metasploitable root shell,Ninguno,0.0,INFO
192.168.56.101,2049,tcp,nfs,2-4,Ninguno,0.0,INFO
192.168.56.101,2121,tcp,ftp,ProFTPD 1.3.1,CVE-2008-4242,6.8,MEDIO
192.168.56.101,3306,tcp,mysql,MySQL 5.0.51a-3ubuntu5,Ninguno,0.0,INFO
192.168.56.101,3632,tcp,distccd,distccd v1,Ninguno,0.0,INFO
192.168.56.101,5432,tcp,postgresql,PostgreSQL DB 8.3.0 - 8.3.7,Ninguno,0.0,INFO
192.168.56.101,5900,tcp,vnc,VNC,CVE-2001-1422,7.5,ALTO
192.168.56.101,5900,tcp,vnc,VNC,CVE-2002-0971,4.6,MEDIO
192.168.56.101,5900,tcp,vnc,VNC,CVE-2002-0994,7.5,ALTO
192.168.56.101,5900,tcp,vnc,VNC,CVE-2002-1336,7.5,ALTO
192.168.56.101,5900,tcp,vnc,VNC,CVE-2002-2088,10.0,CRÍTICO
192.168.56.101,5900,tcp,vnc,VNC,CVE-2002-1511,5.0,MEDIO
192.168.56.101,5900,tcp,vnc,VNC,CVE-2006-1652,9.0,CRÍTICO
192.168.56.101,5900,tcp,vnc,VNC,CVE-2006-4309,10.0,CRÍTICO
192.168.56.101,5900,tcp,vnc,VNC,CVE-2007-0756,7.8,ALTO
192.168.56.101,5900,tcp,vnc,VNC,CVE-2007-0998,4.3,MEDIO
192.168.56.101,5900,tcp,vnc,VNC,CVE-2007-2526,9.3,CRÍTICO
192.168.56.101,5900,tcp,vnc,VNC,CVE-2007-3536,7.6,ALTO
192.168.56.101,5900,tcp,vnc,VNC,CVE-2008-0610,9.3,CRÍTICO
192.168.56.101,5900,tcp,vnc,VNC,CVE-2008-3493,5.0,MEDIO
192.168.56.101,5900,tcp,vnc,VNC,CVE-2008-3617,5.0,MEDIO
192.168.56.101,5900,tcp,vnc,VNC,CVE-2008-5001,9.3,CRÍTICO
192.168.56.101,5900,tcp,vnc,VNC,CVE-2008-5660,6.8,MEDIO
192.168.56.101,5900,tcp,vnc,VNC,CVE-2008-2382,5.0,MEDIO
192.168.56.101,5900,tcp,vnc,VNC,CVE-2008-5714,7.8,ALTO
192.168.56.101,5900,tcp,vnc,VNC,CVE-2008-4539,7.2,ALTO
192.168.56.101,5900,tcp,vnc,VNC,CVE-2008-4770,10.0,CRÍTICO
192.168.56.101,5900,tcp,vnc,VNC,CVE-2009-0388,10.0,CRÍTICO
192.168.56.101,5900,tcp,vnc,VNC,CVE-2009-3616,9.9,CRÍTICO
192.168.56.101,5900,tcp,vnc,VNC,CVE-2009-2839,6.8,MEDIO
192.168.56.101,5900,tcp,vnc,VNC,CVE-2009-4211,9.3,CRÍTICO
192.168.56.101,5900,tcp,vnc,VNC,CVE-2011-1775,5.8,MEDIO
192.168.56.101,5900,tcp,vnc,VNC,CVE-2011-0011,4.3,MEDIO
192.168.56.101,5900,tcp,vnc,VNC,CVE-2012-0681,4.3,MEDIO
192.168.56.101,5900,tcp,vnc,VNC,CVE-2010-5248,6.9,MEDIO
192.168.56.101,5900,tcp,vnc,VNC,CVE-2013-0335,6.0,MEDIO
192.168.56.101,5900,tcp,vnc,VNC,CVE-2013-5135,7.5,ALTO
192.168.56.101,5900,tcp,vnc,VNC,CVE-2013-5136,4.3,MEDIO
192.168.56.101,5900,tcp,vnc,VNC,CVE-2013-6886,7.2,ALTO
192.168.56.101,5900,tcp,vnc,VNC,CVE-2011-1773,4.4,MEDIO
192.168.56.101,5900,tcp,vnc,VNC,CVE-2013-2757,7.5,ALTO
192.168.56.101,5900,tcp,vnc,VNC,CVE-2014-4571,4.3,MEDIO
192.168.56.101,5900,tcp,vnc,VNC,CVE-2014-6051,7.5,ALTO
192.168.56.101,5900,tcp,vnc,VNC,CVE-2014-8750,6.5,MEDIO
192.168.56.101,5900,tcp,vnc,VNC,CVE-2014-8240,7.5,ALTO
192.168.56.101,5900,tcp,vnc,VNC,CVE-2014-7823,5.0,MEDIO
192.168.56.101,5900,tcp,vnc,VNC,CVE-2014-6052,7.5,ALTO
192.168.56.101,5900,tcp,vnc,VNC,CVE-2015-0236,3.5,BAJO
192.168.56.101,5900,tcp,vnc,VNC,CVE-2015-2152,1.9,BAJO
192.168.56.101,5900,tcp,vnc,VNC,CVE-2014-7872,7.2,ALTO
192.168.56.101,5900,tcp,vnc,VNC,CVE-2015-5225,7.2,ALTO
192.168.56.101,5900,tcp,vnc,VNC,CVE-2015-1779,8.6,ALTO
192.168.56.101,5900,tcp,vnc,VNC,CVE-2015-3252,9.8,CRÍTICO
192.168.56.101,5900,tcp,vnc,VNC,CVE-2016-5008,9.8,CRÍTICO
192.168.56.101,5900,tcp,vnc,VNC,CVE-2014-8241,9.8,CRÍTICO
192.168.56.101,5900,tcp,vnc,VNC,CVE-2017-5885,9.8,CRÍTICO
192.168.56.101,5900,tcp,vnc,VNC,CVE-2017-7393,8.8,ALTO
192.168.56.101,5900,tcp,vnc,VNC,CVE-2015-8504,6.5,MEDIO
192.168.56.101,5900,tcp,vnc,VNC,CVE-2017-7980,7.8,ALTO
192.168.56.101,5900,tcp,vnc,VNC,CVE-2017-4933,8.8,ALTO
192.168.56.101,5900,tcp,vnc,VNC,CVE-2017-4941,8.8,ALTO
192.168.56.101,5900,tcp,vnc,VNC,CVE-2017-15124,7.5,ALTO
192.168.56.101,5900,tcp,vnc,VNC,CVE-2018-7225,9.8,CRÍTICO
192.168.56.101,5900,tcp,vnc,VNC,CVE-2018-7226,9.8,CRÍTICO
192.168.56.101,5900,tcp,vnc,VNC,CVE-2015-9254,9.8,CRÍTICO
192.168.56.101,5900,tcp,vnc,VNC,CVE-2018-6957,5.3,MEDIO
192.168.56.101,5900,tcp,vnc,VNC,CVE-2017-2633,5.4,MEDIO
192.168.56.101,5900,tcp,vnc,VNC,CVE-2016-9603,5.5,MEDIO
192.168.56.101,5900,tcp,vnc,VNC,CVE-2018-11458,8.1,ALTO
192.168.56.101,5900,tcp,vnc,VNC,CVE-2018-11464,3.7,BAJO
192.168.56.101,5900,tcp,vnc,VNC,CVE-2018-20019,9.8,CRÍTICO
192.168.56.101,5900,tcp,vnc,VNC,CVE-2018-20020,9.8,CRÍTICO
192.168.56.101,5900,tcp,vnc,VNC,CVE-2018-20021,7.5,ALTO
192.168.56.101,5900,tcp,vnc,VNC,CVE-2018-20022,7.5,ALTO
192.168.56.101,5900,tcp,vnc,VNC,CVE-2018-20023,7.5,ALTO
192.168.56.101,5900,tcp,vnc,VNC,CVE-2018-20024,7.5,ALTO
192.168.56.101,5900,tcp,vnc,VNC,CVE-2019-5892,6.5,MEDIO
192.168.56.101,5900,tcp,vnc,VNC,CVE-2018-15361,9.8,CRÍTICO
192.168.56.101,5900,tcp,vnc,VNC,CVE-2019-8258,9.8,CRÍTICO
192.168.56.101,5900,tcp,vnc,VNC,CVE-2019-8259,7.5,ALTO
192.168.56.101,5900,tcp,vnc,VNC,CVE-2019-8260,9.8,CRÍTICO
192.168.56.101,5900,tcp,vnc,VNC,CVE-2019-8261,9.8,CRÍTICO
192.168.56.101,5900,tcp,vnc,VNC,CVE-2019-8262,9.8,CRÍTICO
192.168.56.101,5900,tcp,vnc,VNC,CVE-2019-8263,6.5,MEDIO
192.168.56.101,5900,tcp,vnc,VNC,CVE-2019-8264,9.8,CRÍTICO
192.168.56.101,5900,tcp,vnc,VNC,CVE-2019-8265,9.8,CRÍTICO
192.168.56.101,5900,tcp,vnc,VNC,CVE-2019-8266,9.8,CRÍTICO
192.168.56.101,5900,tcp,vnc,VNC,CVE-2019-8267,7.5,ALTO
192.168.56.101,5900,tcp,vnc,VNC,CVE-2019-8268,9.8,CRÍTICO
192.168.56.101,5900,tcp,vnc,VNC,CVE-2019-8269,7.5,ALTO
192.168.56.101,5900,tcp,vnc,VNC,CVE-2019-8270,7.5,ALTO
192.168.56.101,5900,tcp,vnc,VNC,CVE-2019-8271,9.8,CRÍTICO
192.168.56.101,5900,tcp,vnc,VNC,CVE-2019-8272,9.8,CRÍTICO
192.168.56.101,5900,tcp,vnc,VNC,CVE-2019-8273,9.8,CRÍTICO
192.168.56.101,5900,tcp,vnc,VNC,CVE-2019-8274,9.8,CRÍTICO
192.168.56.101,5900,tcp,vnc,VNC,CVE-2019-8275,9.8,CRÍTICO
192.168.56.101,5900,tcp,vnc,VNC,CVE-2019-8276,7.5,ALTO
192.168.56.101,5900,tcp,vnc,VNC,CVE-2019-8277,7.5,ALTO
192.168.56.101,5900,tcp,vnc,VNC,CVE-2019-8280,9.8,CRÍTICO
192.168.56.101,5900,tcp,vnc,VNC,CVE-2019-1895,9.8,CRÍTICO
192.168.56.101,5900,tcp,vnc,VNC,CVE-2017-18635,6.1,MEDIO
192.168.56.101,5900,tcp,vnc,VNC,CVE-2019-17662,9.8,CRÍTICO
192.168.56.101,5900,tcp,vnc,VNC,CVE-2019-15681,7.5,ALTO
192.168.56.101,5900,tcp,vnc,VNC,CVE-2010-4664,8.8,ALTO
192.168.56.101,5900,tcp,vnc,VNC,CVE-2014-0011,9.8,CRÍTICO
192.168.56.101,5900,tcp,vnc,VNC,CVE-2015-5239,6.5,MEDIO
192.168.56.101,5900,tcp,vnc,VNC,CVE-2010-5304,7.5,ALTO
192.168.56.101,5900,tcp,vnc,VNC,CVE-2019-20382,3.5,BAJO
192.168.56.101,5900,tcp,vnc,VNC,CVE-2020-2205,4.8,MEDIO
192.168.56.101,5900,tcp,vnc,VNC,CVE-2020-2206,6.1,MEDIO
192.168.56.101,5900,tcp,vnc,VNC,CVE-2020-2207,6.1,MEDIO
192.168.56.101,5900,tcp,vnc,VNC,CVE-2020-25708,7.5,ALTO
192.168.56.101,5900,tcp,vnc,VNC,CVE-2020-29480,2.3,BAJO
192.168.56.101,5900,tcp,vnc,VNC,CVE-2020-10206,4.4,MEDIO
192.168.56.101,5900,tcp,vnc,VNC,CVE-2021-20590,7.5,ALTO
192.168.56.101,5900,tcp,vnc,VNC,CVE-2021-41380,6.5,MEDIO
192.168.56.101,5900,tcp,vnc,VNC,CVE-2021-42785,9.8,CRÍTICO
192.168.56.101,5900,tcp,vnc,VNC,CVE-2022-25227,8.8,ALTO
192.168.56.101,5900,tcp,vnc,VNC,CVE-2022-24422,9.6,CRÍTICO
192.168.56.101,5900,tcp,vnc,VNC,CVE-2022-27502,7.8,ALTO
192.168.56.101,5900,tcp,vnc,VNC,CVE-2022-36436,9.8,CRÍTICO
192.168.56.101,5900,tcp,vnc,VNC,CVE-2022-41975,7.8,ALTO
192.168.56.101,5900,tcp,vnc,VNC,CVE-2022-3165,6.5,MEDIO
192.168.56.101,5900,tcp,vnc,VNC,CVE-2022-41325,7.8,ALTO
192.168.56.101,5900,tcp,vnc,VNC,CVE-2023-3354,7.5,ALTO
192.168.56.101,5900,tcp,vnc,VNC,CVE-2023-3255,6.5,MEDIO
192.168.56.101,5900,tcp,vnc,VNC,CVE-2023-43633,8.8,ALTO
192.168.56.101,5900,tcp,vnc,VNC,CVE-2023-41878,4.6,MEDIO
192.168.56.101,5900,tcp,vnc,VNC,CVE-2023-37935,6.5,MEDIO
192.168.56.101,5900,tcp,vnc,VNC,CVE-2023-47250,8.8,ALTO
192.168.56.101,5900,tcp,vnc,VNC,CVE-2023-47251,6.5,MEDIO
192.168.56.101,5900,tcp,vnc,VNC,CVE-2023-43826,7.5,ALTO
192.168.56.101,5900,tcp,vnc,VNC,CVE-2023-6683,6.5,MEDIO
192.168.56.101,5900,tcp,vnc,VNC,CVE-2024-42458,9.8,CRÍTICO
192.168.56.101,5900,tcp,vnc,VNC,CVE-2025-32428,0.0,INFO
192.168.56.101,5900,tcp,vnc,VNC,CVE-2025-46352,9.8,CRÍTICO
192.168.56.101,5900,tcp,vnc,VNC,CVE-2025-27457,6.5,MEDIO
192.168.56.101,5900,tcp,vnc,VNC,CVE-2025-27458,6.5,MEDIO
192.168.56.101,5900,tcp,vnc,VNC,CVE-2025-27459,4.4,MEDIO
192.168.56.101,5900,tcp,vnc,VNC,CVE-2025-40743,8.3,ALTO
192.168.56.101,5900,tcp,vnc,VNC,CVE-2025-25248,5.3,MEDIO
192.168.56.101,5900,tcp,vnc,VNC,CVE-2025-11234,7.5,ALTO
192.168.56.101,5900,tcp,vnc,VNC,CVE-2020-37134,7.5,ALTO
192.168.56.101,5900,tcp,vnc,VNC,CVE-2024-55025,6.5,MEDIO
192.168.56.101,5900,tcp,vnc,VNC,CVE-2026-32064,7.7,ALTO
192.168.56.101,5900,tcp,vnc,VNC,CVE-2019-25600,6.5,MEDIO
192.168.56.101,5900,tcp,vnc,VNC,CVE-2019-25601,6.2,MEDIO
192.168.56.101,5900,tcp,vnc,VNC,CVE-2026-32853,8.1,ALTO
192.168.56.101,5900,tcp,vnc,VNC,CVE-2026-1961,8.0,ALTO
192.168.56.101,5900,tcp,vnc,VNC,CVE-2026-42859,0.0,INFO
192.168.56.101,6000,tcp,X11,desconocido,Ninguno,0.0,INFO
192.168.56.101,6667,tcp,irc,UnrealIRCd,Ninguno,0.0,INFO
192.168.56.101,6697,tcp,irc,UnrealIRCd,Ninguno,0.0,INFO
192.168.56.101,8009,tcp,ajp13,Apache Jserv,Ninguno,0.0,INFO
192.168.56.101,8180,tcp,http,Apache Tomcat/Coyote JSP engine 1.1,Ninguno,0.0,INFO
192.168.56.101,8787,tcp,drb,Ruby DRb RMI,Ninguno,0.0,INFO
192.168.56.101,37619,tcp,nlockmgr,1-4,Ninguno,0.0,INFO
192.168.56.101,41181,tcp,java-rmi,GNU Classpath grmiregistry,Ninguno,0.0,INFO
192.168.56.101,43249,tcp,mountd,1-3,Ninguno,0.0,INFO
192.168.56.101,60683,tcp,status,1,CVE-2001-0734,7.2,ALTO
192.168.56.101,60683,tcp,status,1,CVE-2002-0181,7.5,ALTO
192.168.56.101,60683,tcp,status,1,CVE-2002-1446,5.0,MEDIO
192.168.56.101,60683,tcp,status,1,CVE-2003-0324,7.5,ALTO
192.168.56.101,60683,tcp,status,1,CVE-2004-0063,7.5,ALTO
192.168.56.101,60683,tcp,status,1,CVE-2004-0166,5.0,MEDIO
192.168.56.101,60683,tcp,status,1,CVE-2004-1685,7.5,ALTO
192.168.56.101,60683,tcp,status,1,CVE-2004-1121,5.0,MEDIO
192.168.56.101,60683,tcp,status,1,CVE-2004-0274,7.5,ALTO
192.168.56.101,60683,tcp,status,1,CVE-2004-1451,2.6,BAJO
192.168.56.101,60683,tcp,status,1,CVE-2004-2710,7.5,ALTO
192.168.56.101,60683,tcp,status,1,CVE-2004-1110,2.1,BAJO
192.168.56.101,60683,tcp,status,1,CVE-2005-2044,4.3,MEDIO
192.168.56.101,60683,tcp,status,1,CVE-2005-0772,7.5,ALTO
192.168.56.101,60683,tcp,status,1,CVE-2005-2278,7.2,ALTO
192.168.56.101,60683,tcp,status,1,CVE-2005-2707,5.0,MEDIO
192.168.56.101,60683,tcp,status,1,CVE-2005-2750,2.1,BAJO
192.168.56.101,60683,tcp,status,1,CVE-2005-3921,2.6,BAJO
192.168.56.101,60683,tcp,status,1,CVE-2005-4809,5.0,MEDIO
192.168.56.101,60683,tcp,status,1,CVE-2006-5035,4.3,MEDIO
192.168.56.101,60683,tcp,status,1,CVE-2006-4409,5.0,MEDIO
192.168.56.101,60683,tcp,status,1,CVE-2007-0392,4.6,MEDIO
192.168.56.101,60683,tcp,status,1,CVE-2007-0393,4.6,MEDIO
192.168.56.101,60683,tcp,status,1,CVE-2007-0394,4.6,MEDIO
192.168.56.101,60683,tcp,status,1,CVE-2007-2785,6.8,MEDIO
192.168.56.101,60683,tcp,status,1,CVE-2007-6231,7.5,ALTO
192.168.56.101,60683,tcp,status,1,CVE-2008-0267,7.5,ALTO
192.168.56.101,60683,tcp,status,1,CVE-2008-4688,5.0,MEDIO
192.168.56.101,60683,tcp,status,1,CVE-2010-1304,5.0,MEDIO
192.168.56.101,60683,tcp,status,1,CVE-2009-4775,4.3,MEDIO
192.168.56.101,60683,tcp,status,1,CVE-2010-2477,4.3,MEDIO
192.168.56.101,60683,tcp,status,1,CVE-2011-0503,6.8,MEDIO
192.168.56.101,60683,tcp,status,1,CVE-2011-0504,4.3,MEDIO
192.168.56.101,60683,tcp,status,1,CVE-2010-4740,9.3,CRÍTICO
192.168.56.101,60683,tcp,status,1,CVE-2011-3534,5.0,MEDIO
192.168.56.101,60683,tcp,status,1,CVE-2011-5022,7.5,ALTO
192.168.56.101,60683,tcp,status,1,CVE-2012-2414,6.5,MEDIO
192.168.56.101,60683,tcp,status,1,CVE-2012-3791,7.5,ALTO
192.168.56.101,60683,tcp,status,1,CVE-2012-5522,5.5,MEDIO
192.168.56.101,60683,tcp,status,1,CVE-2012-4690,7.1,ALTO
192.168.56.101,60683,tcp,status,1,CVE-2013-0759,5.0,MEDIO
192.168.56.101,60683,tcp,status,1,CVE-2013-0776,4.0,MEDIO
192.168.56.101,60683,tcp,status,1,CVE-2013-2264,5.0,MEDIO
192.168.56.101,60683,tcp,status,1,CVE-2013-4137,7.5,ALTO
192.168.56.101,60683,tcp,status,1,CVE-2013-5187,1.9,BAJO
192.168.56.101,60683,tcp,status,1,CVE-2013-6627,5.0,MEDIO
192.168.56.101,60683,tcp,status,1,CVE-2013-6436,2.1,BAJO
192.168.56.101,60683,tcp,status,1,CVE-2013-7106,6.5,MEDIO
192.168.56.101,60683,tcp,status,1,CVE-2013-7108,5.5,MEDIO
192.168.56.101,60683,tcp,status,1,CVE-2014-0661,8.3,ALTO
192.168.56.101,60683,tcp,status,1,CVE-2014-2386,5.0,MEDIO
192.168.56.101,60683,tcp,status,1,CVE-2014-0356,7.9,ALTO
192.168.56.101,60683,tcp,status,1,CVE-2014-4163,6.8,MEDIO
192.168.56.101,60683,tcp,status,1,CVE-2014-4965,4.3,MEDIO
192.168.56.101,60683,tcp,status,1,CVE-2014-4432,4.7,MEDIO
192.168.56.101,60683,tcp,status,1,CVE-2014-3564,6.8,MEDIO
192.168.56.101,60683,tcp,status,1,CVE-2014-10009,4.3,MEDIO
192.168.56.101,60683,tcp,status,1,CVE-2015-1176,4.3,MEDIO
192.168.56.101,60683,tcp,status,1,CVE-2015-5326,4.3,MEDIO
192.168.56.101,60683,tcp,status,1,CVE-2015-7926,9.9,CRÍTICO
192.168.56.101,60683,tcp,status,1,CVE-2016-0757,4.3,MEDIO
192.168.56.101,60683,tcp,status,1,CVE-2016-6483,8.6,ALTO
192.168.56.101,60683,tcp,status,1,CVE-2016-6304,7.5,ALTO
192.168.56.101,60683,tcp,status,1,CVE-2016-6336,6.5,MEDIO
192.168.56.101,60683,tcp,status,1,CVE-2017-8099,8.1,ALTO
192.168.56.101,60683,tcp,status,1,CVE-2017-1236,6.5,MEDIO
192.168.56.101,60683,tcp,status,1,CVE-2017-2343,10.0,CRÍTICO
192.168.56.101,60683,tcp,status,1,CVE-2017-11645,9.8,CRÍTICO
192.168.56.101,60683,tcp,status,1,CVE-2017-7920,7.5,ALTO
192.168.56.101,60683,tcp,status,1,CVE-2017-12231,7.5,ALTO
192.168.56.101,60683,tcp,status,1,CVE-2015-2142,8.0,ALTO
192.168.56.101,60683,tcp,status,1,CVE-2015-2144,4.8,MEDIO
192.168.56.101,60683,tcp,status,1,CVE-2015-2146,9.8,CRÍTICO
192.168.56.101,60683,tcp,status,1,CVE-2017-8147,7.5,ALTO
192.168.56.101,60683,tcp,status,1,CVE-2017-17431,6.1,MEDIO
192.168.56.101,60683,tcp,status,1,CVE-2018-6609,9.8,CRÍTICO
192.168.56.101,60683,tcp,status,1,CVE-2018-2377,6.5,MEDIO
192.168.56.101,60683,tcp,status,1,CVE-2018-8140,6.8,MEDIO
192.168.56.101,60683,tcp,status,1,CVE-2018-14351,9.8,CRÍTICO
192.168.56.101,60683,tcp,status,1,CVE-2018-8020,7.4,ALTO
192.168.56.101,60683,tcp,status,1,CVE-2017-12575,7.5,ALTO
192.168.56.101,60683,tcp,status,1,CVE-2018-0051,7.5,ALTO
192.168.56.101,60683,tcp,status,1,CVE-2018-18551,6.1,MEDIO
192.168.56.101,60683,tcp,status,1,CVE-2018-19311,5.4,MEDIO
192.168.56.101,60683,tcp,status,1,CVE-2018-18923,9.8,CRÍTICO
192.168.56.101,60683,tcp,status,1,CVE-2018-18441,7.5,ALTO
192.168.56.101,60683,tcp,status,1,CVE-2019-3862,7.3,ALTO
192.168.56.101,60683,tcp,status,1,CVE-2019-6796,6.1,MEDIO
192.168.56.101,60683,tcp,status,1,CVE-2019-8338,5.9,MEDIO
192.168.56.101,60683,tcp,status,1,CVE-2019-10335,5.4,MEDIO
192.168.56.101,60683,tcp,status,1,CVE-2019-10962,5.3,MEDIO
192.168.56.101,60683,tcp,status,1,CVE-2019-15478,6.1,MEDIO
192.168.56.101,60683,tcp,status,1,CVE-2019-15479,6.1,MEDIO
192.168.56.101,60683,tcp,status,1,CVE-2019-5463,5.3,MEDIO
192.168.56.101,60683,tcp,status,1,CVE-2019-6794,4.3,MEDIO
192.168.56.101,60683,tcp,status,1,CVE-2019-0066,7.5,ALTO
192.168.56.101,60683,tcp,status,1,CVE-2019-8667,5.3,MEDIO
192.168.56.101,60683,tcp,status,1,CVE-2020-1785,5.5,MEDIO
192.168.56.101,60683,tcp,status,1,CVE-2019-19544,7.8,ALTO
192.168.56.101,60683,tcp,status,1,CVE-2020-9339,5.4,MEDIO
192.168.56.101,60683,tcp,status,1,CVE-2019-12429,6.5,MEDIO
192.168.56.101,60683,tcp,status,1,CVE-2020-1619,6.0,MEDIO
192.168.56.101,60683,tcp,status,1,CVE-2020-14048,7.5,ALTO
192.168.56.101,60683,tcp,status,1,CVE-2020-15157,6.1,MEDIO
192.168.56.101,60683,tcp,status,1,CVE-2020-1668,6.5,MEDIO
192.168.56.101,60683,tcp,status,1,CVE-2020-4482,6.5,MEDIO
192.168.56.101,60683,tcp,status,1,CVE-2020-35480,5.3,MEDIO
192.168.56.101,60683,tcp,status,1,CVE-2021-0202,7.5,ALTO
192.168.56.101,60683,tcp,status,1,CVE-2021-0215,6.5,MEDIO
192.168.56.101,60683,tcp,status,1,CVE-2021-26915,8.1,ALTO
192.168.56.101,60683,tcp,status,1,CVE-2021-25335,2.5,BAJO
192.168.56.101,60683,tcp,status,1,CVE-2021-21378,8.2,ALTO
192.168.56.101,60683,tcp,status,1,CVE-2021-0230,7.5,ALTO
192.168.56.101,60683,tcp,status,1,CVE-2021-0234,5.8,MEDIO
192.168.56.101,60683,tcp,status,1,CVE-2021-0257,6.5,MEDIO
192.168.56.101,60683,tcp,status,1,CVE-2021-31618,7.5,ALTO
192.168.56.101,60683,tcp,status,1,CVE-2021-0279,8.6,ALTO
192.168.56.101,60683,tcp,status,1,CVE-2021-32019,6.1,MEDIO
192.168.56.101,60683,tcp,status,1,CVE-2021-24558,5.4,MEDIO
192.168.56.101,60683,tcp,status,1,CVE-2021-22256,5.4,MEDIO
192.168.56.101,60683,tcp,status,1,CVE-2021-23047,5.3,MEDIO
192.168.56.101,60683,tcp,status,1,CVE-2021-41084,8.7,ALTO
192.168.56.101,60683,tcp,status,1,CVE-2021-41580,5.3,MEDIO
192.168.56.101,60683,tcp,status,1,CVE-2021-22263,5.5,MEDIO
192.168.56.101,60683,tcp,status,1,CVE-2021-24662,7.2,ALTO
192.168.56.101,60683,tcp,status,1,CVE-2021-40261,6.1,MEDIO
192.168.56.101,60683,tcp,status,1,CVE-2021-24853,4.3,MEDIO
192.168.56.101,60683,tcp,status,1,CVE-2021-34543,7.5,ALTO
192.168.56.101,60683,tcp,status,1,CVE-2021-39916,4.3,MEDIO
192.168.56.101,60683,tcp,status,1,CVE-2021-24846,8.8,ALTO
192.168.56.101,60683,tcp,status,1,CVE-2021-24907,6.1,MEDIO
192.168.56.101,60683,tcp,status,1,CVE-2021-43851,8.1,ALTO
192.168.56.101,60683,tcp,status,1,CVE-2021-25079,6.1,MEDIO
192.168.56.101,60683,tcp,status,1,CVE-2021-39943,4.3,MEDIO
192.168.56.101,60683,tcp,status,1,CVE-2022-23998,6.2,MEDIO
192.168.56.101,60683,tcp,status,1,CVE-2022-23232,4.9,MEDIO
192.168.56.101,60683,tcp,status,1,CVE-2022-0825,5.4,MEDIO
192.168.56.101,60683,tcp,status,1,CVE-2021-33207,9.8,CRÍTICO
192.168.56.101,60683,tcp,status,1,CVE-2021-24805,4.3,MEDIO
192.168.56.101,60683,tcp,status,1,CVE-2022-22393,6.5,MEDIO
192.168.56.101,60683,tcp,status,1,CVE-2022-22209,7.5,ALTO
192.168.56.101,60683,tcp,status,1,CVE-2022-36129,9.1,CRÍTICO
192.168.56.101,60683,tcp,status,1,CVE-2022-2053,7.5,ALTO
192.168.56.101,60683,tcp,status,1,CVE-2022-3030,4.3,MEDIO
192.168.56.101,60683,tcp,status,1,CVE-2022-39294,7.5,ALTO
192.168.56.101,60683,tcp,status,1,CVE-2022-2904,7.3,ALTO
192.168.56.101,60683,tcp,status,1,CVE-2019-19030,5.3,MEDIO
192.168.56.101,60683,tcp,status,1,CVE-2014-125031,3.5,BAJO
192.168.56.101,60683,tcp,status,1,CVE-2022-4325,6.1,MEDIO
192.168.56.101,60683,tcp,status,1,CVE-2023-22394,7.5,ALTO
192.168.56.101,60683,tcp,status,1,CVE-2023-22408,7.5,ALTO
192.168.56.101,60683,tcp,status,1,CVE-2023-23077,6.1,MEDIO
192.168.56.101,60683,tcp,status,1,CVE-2023-25810,6.3,MEDIO
192.168.56.101,60683,tcp,status,1,CVE-2023-0980,6.3,MEDIO
192.168.56.101,60683,tcp,status,1,CVE-2023-26604,7.8,ALTO
192.168.56.101,60683,tcp,status,1,CVE-2023-21464,4.0,MEDIO
192.168.56.101,60683,tcp,status,1,CVE-2023-29085,6.8,MEDIO
192.168.56.101,60683,tcp,status,1,CVE-2023-28968,5.3,MEDIO
192.168.56.101,60683,tcp,status,1,CVE-2023-28975,4.6,MEDIO
192.168.56.101,60683,tcp,status,1,CVE-2023-2179,6.5,MEDIO
192.168.56.101,60683,tcp,status,1,CVE-2023-0430,6.5,MEDIO
192.168.56.101,60683,tcp,status,1,CVE-2023-0547,6.5,MEDIO
192.168.56.101,60683,tcp,status,1,CVE-2023-3053,5.4,MEDIO
192.168.56.101,60683,tcp,status,1,CVE-2020-36736,4.3,MEDIO
192.168.56.101,60683,tcp,status,1,CVE-2020-36737,4.3,MEDIO
192.168.56.101,60683,tcp,status,1,CVE-2023-38508,6.5,MEDIO
192.168.56.101,60683,tcp,status,1,CVE-2023-39348,4.0,MEDIO
192.168.56.101,60683,tcp,status,1,CVE-2023-30708,4.6,MEDIO
192.168.56.101,60683,tcp,status,1,CVE-2023-43149,8.8,ALTO
192.168.56.101,60683,tcp,status,1,CVE-2023-45803,4.2,MEDIO
192.168.56.101,60683,tcp,status,1,CVE-2023-6076,5.3,MEDIO
192.168.56.101,60683,tcp,status,1,CVE-2023-4723,5.3,MEDIO
192.168.56.101,60683,tcp,status,1,CVE-2023-49276,6.3,MEDIO
192.168.56.101,60683,tcp,status,1,CVE-2023-49957,7.5,ALTO
192.168.56.101,60683,tcp,status,1,CVE-2023-38323,9.8,CRÍTICO
192.168.56.101,60683,tcp,status,1,CVE-2024-0921,4.7,MEDIO
192.168.56.101,60683,tcp,status,1,CVE-2024-1778,4.3,MEDIO
192.168.56.101,60683,tcp,status,1,CVE-2024-1779,5.3,MEDIO
192.168.56.101,60683,tcp,status,1,CVE-2024-24099,5.4,MEDIO
192.168.56.101,60683,tcp,status,1,CVE-2021-46957,5.5,MEDIO
192.168.56.101,60683,tcp,status,1,CVE-2021-46983,5.5,MEDIO
192.168.56.101,60683,tcp,status,1,CVE-2024-25930,4.3,MEDIO
192.168.56.101,60683,tcp,status,1,CVE-2021-47076,5.5,MEDIO
192.168.56.101,60683,tcp,status,1,CVE-2024-2168,4.7,MEDIO
192.168.56.101,60683,tcp,status,1,CVE-2024-1452,4.3,MEDIO
192.168.56.101,60683,tcp,status,1,CVE-2023-36483,6.5,MEDIO
192.168.56.101,60683,tcp,status,1,CVE-2024-0913,7.2,ALTO
192.168.56.101,60683,tcp,status,1,CVE-2024-31392,7.5,ALTO
192.168.56.101,60683,tcp,status,1,CVE-2024-26728,5.5,MEDIO
192.168.56.101,60683,tcp,status,1,CVE-2024-26796,5.5,MEDIO
192.168.56.101,60683,tcp,status,1,CVE-2024-32524,4.3,MEDIO
192.168.56.101,60683,tcp,status,1,CVE-2024-26902,5.5,MEDIO
192.168.56.101,60683,tcp,status,1,CVE-2022-48653,5.5,MEDIO
192.168.56.101,60683,tcp,status,1,CVE-2024-26944,7.8,ALTO
192.168.56.101,60683,tcp,status,1,CVE-2024-3677,6.4,MEDIO
192.168.56.101,60683,tcp,status,1,CVE-2022-48673,5.5,MEDIO
192.168.56.101,60683,tcp,status,1,CVE-2022-48688,5.5,MEDIO
192.168.56.101,60683,tcp,status,1,CVE-2022-48689,7.0,ALTO
192.168.56.101,60683,tcp,status,1,CVE-2024-35794,5.5,MEDIO
192.168.56.101,60683,tcp,status,1,CVE-2024-35798,4.7,MEDIO
192.168.56.101,60683,tcp,status,1,CVE-2024-35870,4.4,MEDIO
192.168.56.101,60683,tcp,status,1,CVE-2024-35952,5.5,MEDIO
192.168.56.101,60683,tcp,status,1,CVE-2021-47366,5.5,MEDIO
192.168.56.101,60683,tcp,status,1,CVE-2021-47414,5.5,MEDIO
192.168.56.101,60683,tcp,status,1,CVE-2023-52761,5.5,MEDIO
192.168.56.101,60683,tcp,status,1,CVE-2023-52797,5.5,MEDIO
192.168.56.101,60683,tcp,status,1,CVE-2023-52839,3.3,BAJO
192.168.56.101,60683,tcp,status,1,CVE-2024-1718,5.3,MEDIO
192.168.56.101,60683,tcp,status,1,CVE-2021-47594,5.5,MEDIO
192.168.56.101,60683,tcp,status,1,CVE-2024-36281,5.5,MEDIO
192.168.56.101,60683,tcp,status,1,CVE-2024-36484,5.5,MEDIO
192.168.56.101,60683,tcp,status,1,CVE-2024-38306,4.7,MEDIO
192.168.56.101,60683,tcp,status,1,CVE-2024-5071,6.5,MEDIO
192.168.56.101,60683,tcp,status,1,CVE-2024-24791,7.5,ALTO
192.168.56.101,60683,tcp,status,1,CVE-2024-40904,5.5,MEDIO
192.168.56.101,60683,tcp,status,1,CVE-2022-48865,5.5,MEDIO
192.168.56.101,60683,tcp,status,1,CVE-2024-40633,5.3,MEDIO
192.168.56.101,60683,tcp,status,1,CVE-2024-42073,5.5,MEDIO
192.168.56.101,60683,tcp,status,1,CVE-2024-42085,5.5,MEDIO
192.168.56.101,60683,tcp,status,1,CVE-2024-42148,7.8,ALTO
192.168.56.101,60683,tcp,status,1,CVE-2024-7246,5.3,MEDIO
192.168.56.101,60683,tcp,status,1,CVE-2024-46675,5.5,MEDIO
192.168.56.101,60683,tcp,status,1,CVE-2024-45810,6.5,MEDIO
192.168.56.101,60683,tcp,status,1,CVE-2024-8548,8.1,ALTO
192.168.56.101,60683,tcp,status,1,CVE-2024-39526,6.5,MEDIO
192.168.56.101,60683,tcp,status,1,CVE-2024-10154,6.3,MEDIO
192.168.56.101,60683,tcp,status,1,CVE-2024-47715,5.5,MEDIO
192.168.56.101,60683,tcp,status,1,CVE-2024-5532,4.8,MEDIO
192.168.56.101,60683,tcp,status,1,CVE-2024-10048,6.1,MEDIO
192.168.56.101,60683,tcp,status,1,CVE-2024-51378,10.0,CRÍTICO
192.168.56.101,60683,tcp,status,1,CVE-2024-50255,5.5,MEDIO
192.168.56.101,60683,tcp,status,1,CVE-2024-52316,9.8,CRÍTICO
192.168.56.101,60683,tcp,status,1,CVE-2024-50265,5.5,MEDIO
192.168.56.101,60683,tcp,status,1,CVE-2024-53060,5.5,MEDIO
192.168.56.101,60683,tcp,status,1,CVE-2024-11814,6.1,MEDIO
192.168.56.101,60683,tcp,status,1,CVE-2023-32094,5.4,MEDIO
192.168.56.101,60683,tcp,status,1,CVE-2024-53270,7.5,ALTO
192.168.56.101,60683,tcp,status,1,CVE-2024-53229,5.5,MEDIO
192.168.56.101,60683,tcp,status,1,CVE-2024-56673,5.5,MEDIO
192.168.56.101,60683,tcp,status,1,CVE-2024-56771,5.5,MEDIO
192.168.56.101,60683,tcp,status,1,CVE-2024-12431,4.3,MEDIO
192.168.56.101,60683,tcp,status,1,CVE-2024-12204,5.4,MEDIO
192.168.56.101,60683,tcp,status,1,CVE-2024-53687,5.5,MEDIO
192.168.56.101,60683,tcp,status,1,CVE-2024-56138,4.0,MEDIO
192.168.56.101,60683,tcp,status,1,CVE-2024-57914,5.5,MEDIO
192.168.56.101,60683,tcp,status,1,CVE-2021-42718,4.9,MEDIO
192.168.56.101,60683,tcp,status,1,CVE-2024-13683,4.3,MEDIO
192.168.56.101,60683,tcp,status,1,CVE-2024-57778,8.8,ALTO
192.168.56.101,60683,tcp,status,1,CVE-2024-10405,5.3,MEDIO
192.168.56.101,60683,tcp,status,1,CVE-2025-21702,7.8,ALTO
192.168.56.101,60683,tcp,status,1,CVE-2022-49248,5.5,MEDIO
192.168.56.101,60683,tcp,status,1,CVE-2022-49269,5.5,MEDIO
192.168.56.101,60683,tcp,status,1,CVE-2025-21730,5.5,MEDIO
192.168.56.101,60683,tcp,status,1,CVE-2025-25124,7.1,ALTO
192.168.56.101,60683,tcp,status,1,CVE-2024-13894,0.0,INFO
192.168.56.101,60683,tcp,status,1,CVE-2025-23203,5.5,MEDIO
192.168.56.101,60683,tcp,status,1,CVE-2025-30351,3.5,BAJO
192.168.56.101,60683,tcp,status,1,CVE-2025-21878,5.5,MEDIO
192.168.56.101,60683,tcp,status,1,CVE-2025-21892,4.7,MEDIO
192.168.56.101,60683,tcp,status,1,CVE-2023-52995,5.5,MEDIO
192.168.56.101,60683,tcp,status,1,CVE-2025-22069,7.8,ALTO
192.168.56.101,60683,tcp,status,1,CVE-2025-46672,3.5,BAJO
192.168.56.101,60683,tcp,status,1,CVE-2025-4071,7.3,ALTO
192.168.56.101,60683,tcp,status,1,CVE-2025-4111,6.3,MEDIO
192.168.56.101,60683,tcp,status,1,CVE-2025-4154,6.3,MEDIO
192.168.56.101,60683,tcp,status,1,CVE-2025-4157,6.3,MEDIO
192.168.56.101,60683,tcp,status,1,CVE-2023-53073,5.5,MEDIO
192.168.56.101,60683,tcp,status,1,CVE-2023-53086,5.5,MEDIO
192.168.56.101,60683,tcp,status,1,CVE-2025-37814,5.5,MEDIO
192.168.56.101,60683,tcp,status,1,CVE-2025-37875,5.5,MEDIO
192.168.56.101,60683,tcp,status,1,CVE-2025-32421,3.7,BAJO
192.168.56.101,60683,tcp,status,1,CVE-2025-5109,7.3,ALTO
192.168.56.101,60683,tcp,status,1,CVE-2025-38010,5.5,MEDIO
192.168.56.101,60683,tcp,status,1,CVE-2022-50070,7.8,ALTO
192.168.56.101,60683,tcp,status,1,CVE-2022-50144,5.5,MEDIO
192.168.56.101,60683,tcp,status,1,CVE-2023-47298,4.3,MEDIO
192.168.56.101,60683,tcp,status,1,CVE-2025-34082,0.0,INFO
192.168.56.101,60683,tcp,status,1,CVE-2025-38261,5.5,MEDIO
192.168.56.101,60683,tcp,status,1,CVE-2025-38314,5.5,MEDIO
192.168.56.101,60683,tcp,status,1,CVE-2025-38389,7.8,ALTO
192.168.56.101,60683,tcp,status,1,CVE-2025-38407,5.5,MEDIO
192.168.56.101,60683,tcp,status,1,CVE-2025-6730,4.3,MEDIO
192.168.56.101,60683,tcp,status,1,CVE-2025-54781,2.8,BAJO
192.168.56.101,60683,tcp,status,1,CVE-2025-8152,5.3,MEDIO
192.168.56.101,60683,tcp,status,1,CVE-2025-38553,5.5,MEDIO
192.168.56.101,60683,tcp,status,1,CVE-2025-38585,7.8,ALTO
192.168.56.101,60683,tcp,status,1,CVE-2025-38604,5.5,MEDIO
192.168.56.101,60683,tcp,status,1,CVE-2025-53811,0.0,INFO
192.168.56.101,60683,tcp,status,1,CVE-2025-58049,5.8,MEDIO
192.168.56.101,60683,tcp,status,1,CVE-2025-10410,6.3,MEDIO
192.168.56.101,60683,tcp,status,1,CVE-2022-50273,5.5,MEDIO
192.168.56.101,60683,tcp,status,1,CVE-2022-50323,5.5,MEDIO
192.168.56.101,60683,tcp,status,1,CVE-2023-53286,7.8,ALTO
192.168.56.101,60683,tcp,status,1,CVE-2023-53393,5.5,MEDIO
192.168.56.101,60683,tcp,status,1,CVE-2023-53431,5.5,MEDIO
192.168.56.101,60683,tcp,status,1,CVE-2025-39889,8.1,ALTO
192.168.56.101,60683,tcp,status,1,CVE-2022-50504,5.5,MEDIO
192.168.56.101,60683,tcp,status,1,CVE-2023-53586,4.7,MEDIO
192.168.56.101,60683,tcp,status,1,CVE-2022-50545,5.5,MEDIO
192.168.56.101,60683,tcp,status,1,CVE-2023-53673,7.8,ALTO
192.168.56.101,60683,tcp,status,1,CVE-2025-60313,6.1,MEDIO
192.168.56.101,60683,tcp,status,1,CVE-2025-11604,7.3,ALTO
192.168.56.101,60683,tcp,status,1,CVE-2025-59429,5.4,MEDIO
192.168.56.101,60683,tcp,status,1,CVE-2025-39980,0.0,INFO
192.168.56.101,60683,tcp,status,1,CVE-2025-11701,5.3,MEDIO
192.168.56.101,60683,tcp,status,1,CVE-2022-50563,0.0,INFO
192.168.56.101,60683,tcp,status,1,CVE-2025-49957,7.1,ALTO
192.168.56.101,60683,tcp,status,1,CVE-2025-40027,0.0,INFO
192.168.56.101,60683,tcp,status,1,CVE-2025-40079,0.0,INFO
192.168.56.101,60683,tcp,status,1,CVE-2025-11632,4.3,MEDIO
192.168.56.101,60683,tcp,status,1,CVE-2025-11174,5.3,MEDIO
192.168.56.101,60683,tcp,status,1,CVE-2025-11890,7.5,ALTO
192.168.56.101,60683,tcp,status,1,CVE-2025-64435,5.3,MEDIO
192.168.56.101,60683,tcp,status,1,CVE-2025-12621,5.3,MEDIO
192.168.56.101,60683,tcp,status,1,CVE-2025-62293,5.4,MEDIO
192.168.56.101,60683,tcp,status,1,CVE-2025-12586,4.3,MEDIO
192.168.56.101,60683,tcp,status,1,CVE-2025-12634,4.3,MEDIO
192.168.56.101,60683,tcp,status,1,CVE-2025-66252,7.5,ALTO
192.168.56.101,60683,tcp,status,1,CVE-2025-66260,6.5,MEDIO
192.168.56.101,60683,tcp,status,1,CVE-2025-64763,3.7,BAJO
192.168.56.101,60683,tcp,status,1,CVE-2025-14186,3.5,BAJO
192.168.56.101,60683,tcp,status,1,CVE-2022-50647,0.0,INFO
192.168.56.101,60683,tcp,status,1,CVE-2022-50665,0.0,INFO
192.168.56.101,60683,tcp,status,1,CVE-2022-50674,0.0,INFO
192.168.56.101,60683,tcp,status,1,CVE-2025-67505,8.4,ALTO
192.168.56.101,60683,tcp,status,1,CVE-2025-55311,6.5,MEDIO
192.168.56.101,60683,tcp,status,1,CVE-2025-14540,4.3,MEDIO
192.168.56.101,60683,tcp,status,1,CVE-2025-68287,0.0,INFO
192.168.56.101,60683,tcp,status,1,CVE-2025-14095,6.8,MEDIO
192.168.56.101,60683,tcp,status,1,CVE-2023-53986,0.0,INFO
192.168.56.101,60683,tcp,status,1,CVE-2023-54070,0.0,INFO
192.168.56.101,60683,tcp,status,1,CVE-2023-54134,0.0,INFO
192.168.56.101,60683,tcp,status,1,CVE-2023-54164,0.0,INFO
192.168.56.101,60683,tcp,status,1,CVE-2023-54241,0.0,INFO
192.168.56.101,60683,tcp,status,1,CVE-2023-54262,0.0,INFO
192.168.56.101,60683,tcp,status,1,CVE-2023-54274,0.0,INFO
192.168.56.101,60683,tcp,status,1,CVE-2025-15256,7.3,ALTO
192.168.56.101,60683,tcp,status,1,CVE-2025-15257,7.3,ALTO
192.168.56.101,60683,tcp,status,1,CVE-2025-15258,3.5,BAJO
192.168.56.101,60683,tcp,status,1,CVE-2025-68885,7.1,ALTO
192.168.56.101,60683,tcp,status,1,CVE-2025-14034,5.3,MEDIO
192.168.56.101,60683,tcp,status,1,CVE-2025-9637,6.5,MEDIO
192.168.56.101,60683,tcp,status,1,CVE-2025-13521,4.3,MEDIO
192.168.56.101,60683,tcp,status,1,CVE-2026-22025,3.7,BAJO
192.168.56.101,60683,tcp,status,1,CVE-2026-22200,7.5,ALTO
192.168.56.101,60683,tcp,status,1,CVE-2025-71088,5.5,MEDIO
192.168.56.101,60683,tcp,status,1,CVE-2025-15512,5.3,MEDIO
192.168.56.101,60683,tcp,status,1,CVE-2025-71144,5.5,MEDIO
192.168.56.101,60683,tcp,status,1,CVE-2026-21911,6.5,MEDIO
192.168.56.101,60683,tcp,status,1,CVE-2025-14982,4.3,MEDIO
192.168.56.101,60683,tcp,status,1,CVE-2025-14463,5.3,MEDIO
192.168.56.101,60683,tcp,status,1,CVE-2025-14078,5.3,MEDIO
192.168.56.101,60683,tcp,status,1,CVE-2025-14978,5.3,MEDIO
192.168.56.101,60683,tcp,status,1,CVE-2026-23526,8.8,ALTO
192.168.56.101,60683,tcp,status,1,CVE-2026-24039,4.3,MEDIO
192.168.56.101,60683,tcp,status,1,CVE-2026-23761,0.0,INFO
192.168.56.101,60683,tcp,status,1,CVE-2026-23762,0.0,INFO
192.168.56.101,60683,tcp,status,1,CVE-2025-59091,0.0,INFO
192.168.56.101,60683,tcp,status,1,CVE-2025-15507,5.3,MEDIO
192.168.56.101,60683,tcp,status,1,CVE-2026-0679,5.3,MEDIO
192.168.56.101,60683,tcp,status,1,CVE-2026-25123,5.3,MEDIO
192.168.56.101,60683,tcp,status,1,CVE-2026-1786,6.5,MEDIO
192.168.56.101,60683,tcp,status,1,CVE-2026-1932,5.3,MEDIO
192.168.56.101,60683,tcp,status,1,CVE-2026-23180,7.0,ALTO
192.168.56.101,60683,tcp,status,1,CVE-2026-25903,6.6,MEDIO
192.168.56.101,60683,tcp,status,1,CVE-2026-26016,8.1,ALTO
192.168.56.101,60683,tcp,status,1,CVE-2026-26964,2.7,BAJO
192.168.56.101,60683,tcp,status,1,CVE-2026-27705,6.5,MEDIO
192.168.56.101,60683,tcp,status,1,CVE-2026-24005,0.0,INFO
192.168.56.101,60683,tcp,status,1,CVE-2026-27808,5.8,MEDIO
192.168.56.101,60683,tcp,status,1,CVE-2026-28769,6.5,MEDIO
192.168.56.101,60683,tcp,status,1,CVE-2026-2371,5.3,MEDIO
192.168.56.101,60683,tcp,status,1,CVE-2025-15473,4.3,MEDIO
192.168.56.101,60683,tcp,status,1,CVE-2026-32308,7.6,ALTO
192.168.56.101,60683,tcp,status,1,CVE-2026-29510,5.4,MEDIO
192.168.56.101,60683,tcp,status,1,CVE-2026-29513,5.4,MEDIO
192.168.56.101,60683,tcp,status,1,CVE-2026-32828,4.9,MEDIO
192.168.56.101,60683,tcp,status,1,CVE-2026-3550,5.3,MEDIO
192.168.56.101,60683,tcp,status,1,CVE-2026-33143,7.5,ALTO
192.168.56.101,60683,tcp,status,1,CVE-2026-2720,6.5,MEDIO
192.168.56.101,60683,tcp,status,1,CVE-2026-3641,5.3,MEDIO
192.168.56.101,60683,tcp,status,1,CVE-2026-4533,6.3,MEDIO
192.168.56.101,60683,tcp,status,1,CVE-2026-33290,4.3,MEDIO
192.168.56.101,60683,tcp,status,1,CVE-2026-27659,4.6,MEDIO
192.168.56.101,60683,tcp,status,1,CVE-2026-5017,7.3,ALTO
192.168.56.101,60683,tcp,status,1,CVE-2026-5019,7.3,ALTO
192.168.56.101,60683,tcp,status,1,CVE-2026-34759,8.1,ALTO
192.168.56.101,60683,tcp,status,1,CVE-2026-31402,9.8,CRÍTICO
192.168.56.101,60683,tcp,status,1,CVE-2026-35476,7.2,ALTO
192.168.56.101,60683,tcp,status,1,CVE-2026-34480,7.5,ALTO
192.168.56.101,60683,tcp,status,1,CVE-2026-35597,5.9,MEDIO
192.168.56.101,60683,tcp,status,1,CVE-2026-33702,7.1,ALTO
192.168.56.101,60683,tcp,status,1,CVE-2026-33706,7.1,ALTO
192.168.56.101,60683,tcp,status,1,CVE-2026-33708,6.5,MEDIO
192.168.56.101,60683,tcp,status,1,CVE-2026-3642,5.3,MEDIO
192.168.56.101,60683,tcp,status,1,CVE-2026-3649,5.3,MEDIO
192.168.56.101,60683,tcp,status,1,CVE-2026-27769,2.7,BAJO
192.168.56.101,60683,tcp,status,1,CVE-2026-3488,6.5,MEDIO
192.168.56.101,60683,tcp,status,1,CVE-2026-29642,7.8,ALTO
192.168.56.101,60683,tcp,status,1,CVE-2026-35377,3.3,BAJO
192.168.56.101,60683,tcp,status,1,CVE-2026-31613,8.1,ALTO
192.168.56.101,60683,tcp,status,1,CVE-2026-31619,5.5,MEDIO
192.168.56.101,60683,tcp,status,1,CVE-2026-42041,4.8,MEDIO
192.168.56.101,60683,tcp,status,1,CVE-2026-40969,3.7,BAJO
192.168.56.101,60683,tcp,status,1,CVE-2026-43012,5.5,MEDIO
192.168.56.101,60683,tcp,status,1,CVE-2026-43156,0.0,INFO
192.168.56.101,60683,tcp,status,1,CVE-2026-6222,5.3,MEDIO
192.168.56.101,60683,tcp,status,1,CVE-2026-43299,0.0,INFO
192.168.56.101,60683,tcp,status,1,CVE-2026-43913,8.1,ALTO
192.168.56.101,60683,tcp,status,1,CVE-2026-4301,4.3,MEDIO
192.168.56.102,22,tcp,ssh,OpenSSH 5.3p1 Debian 3ubuntu4,Ninguno,0.0,INFO
192.168.56.102,80,tcp,http,Apache httpd 2.2.14,Ninguno,0.0,INFO
192.168.56.102,139,tcp,netbios-ssn,Samba smbd 3.X - 4.X,Ninguno,0.0,INFO
192.168.56.102,143,tcp,imap,Courier Imapd,Ninguno,0.0,INFO
192.168.56.102,443,tcp,http,Apache httpd 2.2.14,Ninguno,0.0,INFO
192.168.56.102,445,tcp,netbios-ssn,Samba smbd 3.X - 4.X,Ninguno,0.0,INFO
192.168.56.102,5001,tcp,java-object,Java Object Serialization,Ninguno,0.0,INFO
192.168.56.102,8080,tcp,http,Apache Tomcat/Coyote JSP engine 1.1,Ninguno,0.0,INFO
192.168.56.102,8081,tcp,http,Jetty 6.1.25,Ninguno,0.0,INFO
192.168.56.103,21,tcp,ftp,ProFTPD 1.3.3c,CVE-2010-4221,10.0,CRÍTICO
192.168.56.103,21,tcp,ftp,ProFTPD 1.3.3c,CVE-2010-20103,9.8,CRÍTICO
192.168.56.103,22,tcp,ssh,OpenSSH 7.2p2 Ubuntu 4ubuntu2.2,Ninguno,0.0,INFO
192.168.56.103,80,tcp,http,Apache httpd 2.4.18,Ninguno,0.0,INFO
192.168.56.104,135,tcp,msrpc,Microsoft Windows RPC,Ninguno,0.0,INFO
192.168.56.104,139,tcp,netbios-ssn,Microsoft Windows netbios-ssn,Ninguno,0.0,INFO
192.168.56.104,445,tcp,microsoft-ds,Windows 7 Starter 7601 Service Pack 1 microsoft-ds,Ninguno,0.0,INFO
192.168.56.104,49152,tcp,msrpc,Microsoft Windows RPC,Ninguno,0.0,INFO
192.168.56.104,49153,tcp,msrpc,Microsoft Windows RPC,Ninguno,0.0,INFO
192.168.56.104,49154,tcp,msrpc,Microsoft Windows RPC,Ninguno,0.0,INFO
192.168.56.104,49155,tcp,msrpc,Microsoft Windows RPC,Ninguno,0.0,INFO
192.168.56.104,49156,tcp,msrpc,Microsoft Windows RPC,Ninguno,0.0,INFO
192.168.56.104,49157,tcp,msrpc,Microsoft Windows RPC,Ninguno,0.0,INFO
192.168.56.106,135,tcp,msrpc,Microsoft Windows RPC,Ninguno,0.0,INFO
192.168.56.106,139,tcp,netbios-ssn,Microsoft Windows netbios-ssn,Ninguno,0.0,INFO
192.168.56.106,445,tcp,microsoft-ds,Windows 8 Pro 9200 microsoft-ds,Ninguno,0.0,INFO
192.168.56.106,49152,tcp,msrpc,Microsoft Windows RPC,Ninguno,0.0,INFO
192.168.56.106,49153,tcp,msrpc,Microsoft Windows RPC,Ninguno,0.0,INFO
192.168.56.106,49154,tcp,msrpc,Microsoft Windows RPC,Ninguno,0.0,INFO
192.168.56.106,49155,tcp,msrpc,Microsoft Windows RPC,Ninguno,0.0,INFO
192.168.56.106,49156,tcp,msrpc,Microsoft Windows RPC,Ninguno,0.0,INFO
192.168.56.106,49157,tcp,msrpc,Microsoft Windows RPC,Ninguno,0.0,INFO
